ticker,name,start_date,product_url,root_url,ajax_url
IGLB,iShares Long-Term Corporate Bond ETF,2009-12-08,/us/products/239423/ishares-10-year-credit-bond-etf,https://www.ishares.com,1467271812596.ajax
ILTB,iShares Core 10+ Year USD Bond ETF,2009-12-08,/us/products/239424/ishares-core-longterm-us-bond-etf,https://www.ishares.com,1467271812596.ajax
QLTA,iShares Aaa - A Rated Corporate Bond ETF,2012-02-14,/us/products/239431/ishares-aaa-a-rated-corporate-bond-etf,https://www.ishares.com,1467271812596.ajax
DVYA,iShares Asia/Pacific Dividend ETF,2012-02-23,/us/products/239443/ishares-asiapacific-dividend-etf,https://www.ishares.com,1467271812596.ajax
STIP,iShares 0-5 Year TIPS Bond ETF,2010-12-01,/us/products/239450/ishares-05-year-tips-bond-etf,https://www.ishares.com,1467271812596.ajax
IGSB,iShares Short-Term Corporate Bond ETF,2007-01-05,/us/products/239451/ishares-13-year-credit-bond-etf,https://www.ishares.com,1467271812596.ajax
SHY,iShares 1-3 Year Treasury Bond ETF,2002-07-22,/us/products/239452/ishares-13-year-treasury-bond-etf,https://www.ishares.com,1467271812596.ajax
TLH,iShares 10-20 Year Treasury Bond ETF,2007-01-05,/us/products/239453/ishares-1020-year-treasury-bond-etf,https://www.ishares.com,1467271812596.ajax
TLT,iShares 20+ Year Treasury Bond ETF,2002-07-22,/us/products/239454/ishares-20-year-treasury-bond-etf,https://www.ishares.com,1467271812596.ajax
IEI,iShares 3-7 Year Treasury Bond ETF,2007-01-05,/us/products/239455/ishares-37-year-treasury-bond-etf,https://www.ishares.com,1467271812596.ajax
IEF,iShares 7-10 Year Treasury Bond ETF,2002-07-22,/us/products/239456/ishares-710-year-treasury-bond-etf,https://www.ishares.com,1467271812596.ajax
AGZ,iShares Agency Bond ETF,2008-11-05,/us/products/239457/ishares-agency-bond-etf,https://www.ishares.com,1467271812596.ajax
AGG,iShares Core U.S. Aggregate Bond ETF,2003-09-22,/us/products/239458/ishares-core-total-us-bond-market-etf,https://www.ishares.com,1467271812596.ajax
CMBS,iShares CMBS ETF,2012-02-14,/us/products/239459/ishares-cmbs-etf,https://www.ishares.com,1467271812596.ajax
USIG,iShares Broad USD Investment Grade Corporate Bond ETF,2007-01-05,/us/products/239460/ishares-credit-bond-etf,https://www.ishares.com,1467271812596.ajax
GNMA,iShares GNMA Bond ETF,2012-02-14,/us/products/239461/ishares-gnma-bond-etf,https://www.ishares.com,1467271812596.ajax
GBF,iShares Government/Credit Bond ETF,2007-01-05,/us/products/239462/ishares-governmentcredit-bond-etf,https://www.ishares.com,1467271812596.ajax
IGIB,iShares Intermediate-Term Corporate Bond ETF,2007-01-05,/us/products/239463/ishares-intermediate-credit-bond-etf,https://www.ishares.com,1467271812596.ajax
GVI,iShares Intermediate Government/Credit Bond ETF,2007-01-05,/us/products/239464/ishares-intermediate-governmentcredit-bond-etf,https://www.ishares.com,1467271812596.ajax
MBB,iShares MBS ETF,2007-03-13,/us/products/239465/ishares-mbs-etf,https://www.ishares.com,1467271812596.ajax
SHV,iShares Short Treasury Bond ETF,2007-01-05,/us/products/239466/ishares-short-treasury-bond-etf,https://www.ishares.com,1467271812596.ajax
TIP,iShares TIPS Bond ETF,2003-12-04,/us/products/239467/ishares-tips-bond-etf,https://www.ishares.com,1467271812596.ajax
GOVT,iShares U.S. Treasury Bond ETF,2012-02-14,/us/products/239468/ishares-us-treasury-bond-etf,https://www.ishares.com,1467271812596.ajax
ICF,iShares Cohen & Steers REIT ETF,2001-01-29,/us/products/239482/ishares-cohen-steers-reit-etf,https://www.ishares.com,1467271812596.ajax
IDV,iShares International Select Dividend ETF,2007-06-11,/us/products/239499/ishares-international-select-dividend-etf,https://www.ishares.com,1467271812596.ajax
DVY,iShares Select Dividend ETF,2003-11-03,/us/products/239500/ishares-select-dividend-etf,https://www.ishares.com,1467271812596.ajax
IYT,iShares Transportation Average ETF,2003-10-06,/us/products/239501/ishares-transportation-average-etf,https://www.ishares.com,1467271812596.ajax
ITA,iShares U.S. Aerospace & Defense ETF,2006-05-01,/us/products/239502/ishares-us-aerospace-defense-etf,https://www.ishares.com,1467271812596.ajax
IYM,iShares U.S. Basic Materials ETF,2000-06-12,/us/products/239503/ishares-us-basic-materials-etf,https://www.ishares.com,1467271812596.ajax
IAI,iShares U.S. Broker-Dealers & Securities Exchanges ETF,2006-05-01,/us/products/239504/ishares-us-brokerdealers-etf,https://www.ishares.com,1467271812596.ajax
IYK,iShares U.S. Consumer Goods ETF,2000-06-12,/us/products/239505/ishares-us-consumer-goods-etf,https://www.ishares.com,1467271812596.ajax
IYC,iShares U.S. Consumer Services ETF,2000-06-12,/us/products/239506/ishares-us-consumer-services-etf,https://www.ishares.com,1467271812596.ajax
IYE,iShares U.S. Energy ETF,2000-06-12,/us/products/239507/ishares-us-energy-etf,https://www.ishares.com,1467271812596.ajax
IYF,iShares U.S. Financials ETF,2000-05-22,/us/products/239508/ishares-us-financials-etf,https://www.ishares.com,1467271812596.ajax
IYG,iShares U.S. Financial Services ETF,2000-06-12,/us/products/239509/ishares-us-financial-services-etf,https://www.ishares.com,1467271812596.ajax
IHF,iShares U.S. Healthcare Providers ETF,2006-05-01,/us/products/239510/ishares-us-healthcare-providers-etf,https://www.ishares.com,1467271812596.ajax
IYH,iShares U.S. Healthcare ETF,2000-06-12,/us/products/239511/ishares-us-healthcare-etf,https://www.ishares.com,1467271812596.ajax
ITB,iShares U.S. Home Construction ETF,2006-05-01,/us/products/239512/ishares-us-home-construction-etf,https://www.ishares.com,1467271812596.ajax
IYY,iShares Dow Jones U.S. ETF,2000-06-12,/us/products/239513/ishares-dow-jones-us-etf,https://www.ishares.com,1467271812596.ajax
IYJ,iShares U.S. Industrials ETF,2000-06-12,/us/products/239514/ishares-us-industrials-etf,https://www.ishares.com,1467271812596.ajax
IAK,iShares U.S. Insurance ETF,2006-05-01,/us/products/239515/ishares-us-insurance-etf,https://www.ishares.com,1467271812596.ajax
IHI,iShares U.S. Medical Devices ETF,2006-05-01,/us/products/239516/ishares-us-medical-devices-etf,https://www.ishares.com,1467271812596.ajax
IEO,iShares U.S. Oil & Gas Exploration & Production ETF,2006-05-01,/us/products/239517/ishares-us-oil-gas-exploration-production-etf,https://www.ishares.com,1467271812596.ajax
IEZ,iShares U.S. Oil Equipment & Services ETF,2006-05-01,/us/products/239518/ishares-us-oil-equipment-services-etf,https://www.ishares.com,1467271812596.ajax
IHE,iShares U.S. Pharmaceuticals ETF,2006-05-01,/us/products/239519/ishares-us-pharmaceuticals-etf,https://www.ishares.com,1467271812596.ajax
IYR,iShares U.S. Real Estate ETF,2000-06-12,/us/products/239520/ishares-us-real-estate-etf,https://www.ishares.com,1467271812596.ajax
IAT,iShares U.S. Regional Banks ETF,2006-05-01,/us/products/239521/ishares-us-regional-banks-etf,https://www.ishares.com,1467271812596.ajax
IYW,iShares U.S. Technology ETF,2000-05-15,/us/products/239522/ishares-us-technology-etf,https://www.ishares.com,1467271812596.ajax
IYZ,iShares U.S. Telecommunications ETF,2000-05-22,/us/products/239523/ishares-us-telecommunications-etf,https://www.ishares.com,1467271812596.ajax
IDU,iShares U.S. Utilities ETF,2000-06-12,/us/products/239524/ishares-us-utilities-etf,https://www.ishares.com,1467271812596.ajax
CEMB,iShares J.P. Morgan EM Corporate Bond ETF,2012-04-17,/us/products/239525/ishares-emerging-markets-corporate-bond-etf,https://www.ishares.com,1467271812596.ajax
DVYE,iShares Emerging Markets Dividend ETF,2012-02-23,/us/products/239526/ishares-emerging-markets-dividend-etf,https://www.ishares.com,1467271812596.ajax
EMHY,iShares J.P. Morgan EM High Yield Bond ETF,2012-04-03,/us/products/239527/ishares-emerging-markets-high-yield-bond-etf,https://www.ishares.com,1467271812596.ajax
LEMB,iShares J.P. Morgan EM Local Currency Bond ETF,2011-10-18,/us/products/239528/ishares-emerging-markets-local-currency-bond-etf,https://www.ishares.com,1467271812596.ajax
FLOT,iShares Floating Rate Bond ETF,2011-06-14,/us/products/239534/ishares-floating-rate-bond-etf,https://www.ishares.com,1467271812596.ajax
FXI,iShares China Large-Cap ETF,2004-10-05,/us/products/239536/ishares-china-largecap-etf,https://www.ishares.com,1467271812596.ajax
IEUS,iShares MSCI Europe Small-Cap ETF,2007-11-12,/us/products/239537/ishares-developed-smallcap-ex-north-america-etf,https://www.ishares.com,1467271812596.ajax
IFEU,iShares Europe Developed Real Estate ETF,2007-11-12,/us/products/239539/ishares-europe-developed-real-estate-etf,https://www.ishares.com,1467271812596.ajax
IFGL,iShares International Developed Real Estate ETF,2007-11-12,/us/products/239540/ishares-international-developed-real-estate-etf,https://www.ishares.com,1467271812596.ajax
REM,iShares Mortgage Real Estate ETF,2007-05-01,/us/products/239543/ishares-mortgage-real-estate-capped-etf,https://www.ishares.com,1467271812596.ajax
USRT,iShares Core U.S. REIT ETF,2007-05-01,/us/products/239544/ishares-real-estate-50-etf,https://www.ishares.com,1467271812596.ajax
REZ,iShares Residential Real Estate ETF,2007-05-01,/us/products/239545/ishares-residential-real-estate-capped-etf,https://www.ishares.com,1467271812596.ajax
HYXU,iShares International High Yield Bond ETF,2012-04-03,/us/products/239550/ishares-global-ex-usd-high-yield-corporate-bond-etf,https://www.ishares.com,1467271812596.ajax
GHYG,iShares US & Intl High Yield Corp Bond ETF,2012-04-03,/us/products/239551/ishares-global-high-yield-corporate-bond-etf,https://www.ishares.com,1467271812596.ajax
IAU,iShares Gold Trust,2005-01-21,/us/products/239561/ishares-gold-trust-fund,https://www.ishares.com,1467271812596.ajax
HDV,iShares Core High Dividend ETF,2011-03-29,/us/products/239563/ishares-high-dividend-etf,https://www.ishares.com,1467271812596.ajax
HYG,iShares iBoxx $ High Yield Corporate Bond ETF,2007-04-04,/us/products/239565/ishares-iboxx-high-yield-corporate-bond-etf,https://www.ishares.com,1467271812596.ajax
LQD,iShares iBoxx $ Investment Grade Corporate Bond ETF,2002-07-22,/us/products/239566/ishares-iboxx-investment-grade-corporate-bond-etf,https://www.ishares.com,1467271812596.ajax
EMB,iShares J.P. Morgan USD Emerging Markets Bond ETF,2007-12-17,/us/products/239572/ishares-jp-morgan-usd-emerging-markets-bond-etf,https://www.ishares.com,1467271812596.ajax
JKD,iShares Morningstar Large-Cap ETF,2004-06-28,/us/products/239579/ishares-morningstar-largecap-etf,https://www.ishares.com,1467271812596.ajax
JKE,iShares Morningstar Large-Cap Growth ETF,2004-06-28,/us/products/239580/ishares-morningstar-largecap-growth-etf,https://www.ishares.com,1467271812596.ajax
JKF,iShares Morningstar Large-Cap Value ETF,2004-06-28,/us/products/239581/ishares-morningstar-largecap-value-etf,https://www.ishares.com,1467271812596.ajax
JKG,iShares Morningstar Mid-Cap ETF,2004-06-28,/us/products/239582/ishares-morningstar-midcap-etf,https://www.ishares.com,1467271812596.ajax
JKH,iShares Morningstar Mid-Cap Growth ETF,2004-06-28,/us/products/239583/ishares-morningstar-midcap-growth-etf,https://www.ishares.com,1467271812596.ajax
JKI,iShares Morningstar Mid-Cap Value ETF,2004-06-28,/us/products/239584/ishares-morningstar-midcap-value-etf,https://www.ishares.com,1467271812596.ajax
IYLD,iShares Morningstar Multi-Asset Income ETF,2012-04-03,/us/products/239585/ishares-morningstar-multiasset-income-etf,https://www.ishares.com,1467271812596.ajax
JKJ,iShares Morningstar Small-Cap ETF,2004-06-28,/us/products/239586/ishares-morningstar-smallcap-etf,https://www.ishares.com,1467271812596.ajax
JKK,iShares Morningstar Small-Cap Growth ETF,2004-06-28,/us/products/239587/ishares-morningstar-smallcap-growth-etf,https://www.ishares.com,1467271812596.ajax
JKL,iShares Morningstar Small-Cap Value ETF,2004-06-28,/us/products/239588/ishares-morningstar-smallcap-value-etf,https://www.ishares.com,1467271812596.ajax
ACWX,iShares MSCI ACWI ex U.S. ETF,2008-03-26,/us/products/239594/ishares-msci-acwi-ex-us-etf,https://www.ishares.com,1467271812596.ajax
ACWI,iShares MSCI ACWI ETF,2008-03-26,/us/products/239600/ishares-msci-acwi-etf,https://www.ishares.com,1467271812596.ajax
AAXJ,iShares MSCI All Country Asia ex Japan ETF,2008-08-13,/us/products/239601/ishares-msci-all-country-asia-ex-japan-etf,https://www.ishares.com,1467271812596.ajax
ACWV,iShares Edge MSCI Min Vol Global ETF,2011-10-18,/us/products/239605/ishares-msci-all-country-world-minimum-volatility-etf,https://www.ishares.com,1467271812596.ajax
EPU,iShares MSCI Peru ETF,2009-06-19,/us/products/239606/ishares-msci-all-peru-capped-etf,https://www.ishares.com,1467271812596.ajax
EWA,iShares MSCI Australia ETF,1996-03-12,/us/products/239607/ishares-msci-australia-etf,https://www.ishares.com,1467271812596.ajax
EWO,iShares MSCI Austria ETF,1996-03-12,/us/products/239609/ishares-msci-austria-capped-etf,https://www.ishares.com,1467271812596.ajax
EWK,iShares MSCI Belgium ETF,1996-03-12,/us/products/239610/ishares-msci-belgium-capped-etf,https://www.ishares.com,1467271812596.ajax
EWZ,iShares MSCI Brazil ETF,2000-07-10,/us/products/239612/ishares-msci-brazil-capped-etf,https://www.ishares.com,1467271812596.ajax
EWZS,iShares MSCI Brazil Small-Cap ETF,2010-09-28,/us/products/239613/ishares-msci-brazil-smallcap-etf,https://www.ishares.com,1467271812596.ajax
BKF,iShares MSCI BRIC ETF,2007-11-12,/us/products/239614/ishares-msci-bric-etf,https://www.ishares.com,1467271812596.ajax
EWC,iShares MSCI Canada ETF,1996-03-12,/us/products/239615/ishares-msci-canada-etf,https://www.ishares.com,1467271812596.ajax
ECH,iShares MSCI Chile ETF,2007-11-12,/us/products/239618/ishares-msci-chile-capped-etf,https://www.ishares.com,1467271812596.ajax
MCHI,iShares MSCI China ETF,2011-03-29,/us/products/239619/ishares-msci-china-etf,https://www.ishares.com,1467271812596.ajax
ECNS,iShares MSCI China Small-Cap ETF,2010-09-28,/us/products/239620/ishares-msci-china-smallcap-etf,https://www.ishares.com,1467271812596.ajax
EDEN,iShares MSCI Denmark ETF,2012-01-25,/us/products/239621/ishares-msci-denmark-capped-etf,https://www.ishares.com,1467271812596.ajax
EFG,iShares MSCI EAFE Growth ETF,2005-08-01,/us/products/239622/ishares-msci-eafe-growth-etf,https://www.ishares.com,1467271812596.ajax
EFA,iShares MSCI EAFE ETF,2001-08-14,/us/products/239623/ishares-msci-eafe-etf,https://www.ishares.com,1467271812596.ajax
EFAV,iShares Edge MSCI Min Vol EAFE ETF,2011-10-18,/us/products/239626/ishares-msci-eafe-minimum-volatility-etf,https://www.ishares.com,1467271812596.ajax
SCZ,iShares MSCI EAFE Small-Cap ETF,2007-12-10,/us/products/239627/ishares-msci-eafe-smallcap-etf,https://www.ishares.com,1467271812596.ajax
EFV,iShares MSCI EAFE Value ETF,2005-08-01,/us/products/239628/ishares-msci-eafe-value-etf,https://www.ishares.com,1467271812596.ajax
EEMA,iShares MSCI Emerging Markets Asia ETF,2012-02-08,/us/products/239629/ishares-msci-emerging-markets-asia-etf,https://www.ishares.com,1467271812596.ajax
EEM,iShares MSCI Emerging Markets ETF,2003-04-07,/us/products/239637/ishares-msci-emerging-markets-etf,https://www.ishares.com,1467271812596.ajax
EEMV,iShares Edge MSCI Min Vol Emerging Markets ETF,2011-10-18,/us/products/239641/ishares-msci-emerging-markets-minimum-volatility-etf,https://www.ishares.com,1467271812596.ajax
EEMS,iShares MSCI Emerging Markets Small-Cap ETF,2011-08-16,/us/products/239642/ishares-msci-emerging-markets-smallcap-etf,https://www.ishares.com,1467271812596.ajax
EZU,iShares MSCI Eurozone ETF,2000-07-25,/us/products/239644/ishares-msci-emu-etf,https://www.ishares.com,1467271812596.ajax
EUFN,iShares MSCI Europe Financials ETF,2010-01-20,/us/products/239645/ishares-msci-europe-financials-etf,https://www.ishares.com,1467271812596.ajax
EFNL,iShares MSCI Finland ETF,2012-01-25,/us/products/239647/ishares-msci-finland-capped-etf,https://www.ishares.com,1467271812596.ajax
EWQ,iShares MSCI France ETF,1996-03-12,/us/products/239648/ishares-msci-france-etf,https://www.ishares.com,1467271812596.ajax
FM,iShares MSCI Frontier 100 ETF,2012-09-12,/us/products/239649/ishares-msci-frontier-100-etf,https://www.ishares.com,1467271812596.ajax
EWG,iShares MSCI Germany ETF,1996-03-12,/us/products/239650/ishares-msci-germany-etf,https://www.ishares.com,1467271812596.ajax
EWGS,iShares MSCI Germany Small-Cap ETF,2012-01-25,/us/products/239651/ishares-msci-germany-smallcap-etf,https://www.ishares.com,1467271812596.ajax
VEGI,iShares MSCI Global Agriculture Producers ETF,2012-01-31,/us/products/239652/ishares-msci-global-agriculture-producers-etf,https://www.ishares.com,1467271812596.ajax
FILL,iShares MSCI Global Energy Producers ETF,2012-01-31,/us/products/239653/ishares-msci-global-energy-producers-etf,https://www.ishares.com,1467271812596.ajax
RING,iShares MSCI Global Gold Miners ETF,2012-01-31,/us/products/239654/ishares-msci-global-gold-miners-etf,https://www.ishares.com,1467271812596.ajax
PICK,iShares MSCI Global Metals & Mining Producers ETF,2012-01-31,/us/products/239655/ishares-msci-global-metals-mining-producers-etf,https://www.ishares.com,1467271812596.ajax
SLVP,iShares MSCI Global Silver and Metals Miners ETF,2012-01-31,/us/products/239656/ishares-msci-global-silver-miners-etf,https://www.ishares.com,1467271812596.ajax
EWH,iShares MSCI Hong Kong ETF,1996-03-12,/us/products/239657/ishares-msci-hong-kong-etf,https://www.ishares.com,1467271812596.ajax
INDA,iShares MSCI India ETF,2012-02-02,/us/products/239659/ishares-msci-india-etf,https://www.ishares.com,1467271812596.ajax
SMIN,iShares MSCI India Small-Cap ETF,2012-02-08,/us/products/239660/ishares-msci-india-smallcap-etf,https://www.ishares.com,1467271812596.ajax
EIDO,iShares MSCI Indonesia ETF,2010-05-05,/us/products/239661/ishares-msci-indonesia-etf,https://www.ishares.com,1467271812596.ajax
EIRL,iShares MSCI Ireland ETF,2010-05-05,/us/products/239662/ishares-msci-ireland-capped-etf,https://www.ishares.com,1467271812596.ajax
EIS,iShares MSCI Israel ETF,2008-03-26,/us/products/239663/ishares-msci-israel-capped-etf,https://www.ishares.com,1467271812596.ajax
EWI,iShares MSCI Italy ETF,1996-03-12,/us/products/239664/ishares-msci-italy-capped-etf,https://www.ishares.com,1467271812596.ajax
EWJ,iShares MSCI Japan ETF,1996-03-12,/us/products/239665/ishares-msci-japan-etf,https://www.ishares.com,1467271812596.ajax
SCJ,iShares MSCI Japan Small-Cap ETF,2007-12-20,/us/products/239666/ishares-msci-japan-smallcap-etf,https://www.ishares.com,1467271812596.ajax
DSI,iShares MSCI KLD 400 Social ETF,2006-11-14,/us/products/239667/ishares-msci-kld-400-social-etf,https://www.ishares.com,1467271812596.ajax
TOK,iShares MSCI Kokusai ETF,2007-12-10,/us/products/239668/ishares-msci-kokusai-etf,https://www.ishares.com,1467271812596.ajax
EWM,iShares MSCI Malaysia ETF,1996-03-12,/us/products/239669/ishares-msci-malaysia-etf,https://www.ishares.com,1467271812596.ajax
EWW,iShares MSCI Mexico ETF,1996-03-12,/us/products/239670/ishares-msci-mexico-capped-etf,https://www.ishares.com,1467271812596.ajax
EWN,iShares MSCI Netherlands ETF,1996-03-12,/us/products/239671/ishares-msci-netherlands-etf,https://www.ishares.com,1467271812596.ajax
ENZL,iShares MSCI New Zealand ETF,2010-09-01,/us/products/239672/ishares-msci-new-zealand-capped-etf,https://www.ishares.com,1467271812596.ajax
ENOR,iShares MSCI Norway ETF,2012-01-23,/us/products/239673/ishares-msci-norway-capped-etf,https://www.ishares.com,1467271812596.ajax
EPP,iShares MSCI Pacific ex Japan ETF,2001-10-25,/us/products/239674/ishares-msci-pacific-ex-japan-etf,https://www.ishares.com,1467271812596.ajax
EPHE,iShares MSCI Philippines ETF,2010-09-28,/us/products/239675/ishares-msci-philippines-etf,https://www.ishares.com,1467271812596.ajax
EPOL,iShares MSCI Poland ETF,2010-05-25,/us/products/239676/ishares-msci-poland-capped-etf,https://www.ishares.com,1467271812596.ajax
ERUS,iShares MSCI Russia ETF,2010-11-09,/us/products/239677/ishares-msci-russia-capped-etf,https://www.ishares.com,1467271812596.ajax
EWS,iShares MSCI Singapore ETF,1996-03-12,/us/products/239678/ishares-msci-singapore-capped-etf,https://www.ishares.com,1467271812596.ajax
EZA,iShares MSCI South Africa ETF,2003-02-03,/us/products/239680/ishares-msci-south-africa-etf,https://www.ishares.com,1467271812596.ajax
EWY,iShares MSCI South Korea ETF,2000-05-09,/us/products/239681/ishares-msci-south-korea-capped-etf,https://www.ishares.com,1467271812596.ajax
EWP,iShares MSCI Spain ETF,1996-03-12,/us/products/239683/ishares-msci-spain-capped-etf,https://www.ishares.com,1467271812596.ajax
EWD,iShares MSCI Sweden ETF,1996-03-12,/us/products/239684/ishares-msci-sweden-etf,https://www.ishares.com,1467271812596.ajax
EWL,iShares MSCI Switzerland ETF,1996-03-12,/us/products/239685/ishares-msci-switzerland-capped-etf,https://www.ishares.com,1467271812596.ajax
EWT,iShares MSCI Taiwan ETF,2000-06-20,/us/products/239686/ishares-msci-taiwan-etf,https://www.ishares.com,1467271812596.ajax
THD,iShares MSCI Thailand ETF,2008-03-26,/us/products/239688/ishares-msci-thailand-capped-etf,https://www.ishares.com,1467271812596.ajax
TUR,iShares MSCI Turkey ETF,2008-03-26,/us/products/239689/ishares-msci-turkey-etf,https://www.ishares.com,1467271812596.ajax
EWU,iShares MSCI United Kingdom ETF,1996-03-12,/us/products/239690/ishares-msci-united-kingdom-etf,https://www.ishares.com,1467271812596.ajax
EWUS,iShares MSCI United Kingdom Small-Cap ETF,2012-01-25,/us/products/239691/ishares-msci-united-kingdom-smallcap-etf,https://www.ishares.com,1467271812596.ajax
SUSA,iShares MSCI USA ESG Select ETF,2005-01-24,/us/products/239692/ishares-msci-usa-esg-select-etf,https://www.ishares.com,1467271812596.ajax
EUSA,iShares MSCI USA Equal Weighted ETF,2010-05-05,/us/products/239693/ishares-msci-usa-etf,https://www.ishares.com,1467271812596.ajax
USMV,iShares Edge MSCI Min Vol USA ETF,2011-10-18,/us/products/239695/ishares-msci-usa-minimum-volatility-etf,https://www.ishares.com,1467271812596.ajax
URTH,iShares MSCI World ETF,2012-01-10,/us/products/239696/ishares-msci-world-etf,https://www.ishares.com,1467271812596.ajax
IBB,iShares Nasdaq Biotechnology ETF,2001-02-05,/us/products/239699/ishares-nasdaq-biotechnology-etf,https://www.ishares.com,1467271812596.ajax
SOXX,iShares PHLX Semiconductor ETF,2001-07-10,/us/products/239705/ishares-phlx-semiconductor-etf,https://www.ishares.com,1467271812596.ajax
IWF,iShares Russell 1000 Growth ETF,2000-05-22,/us/products/239706/ishares-russell-1000-growth-etf,https://www.ishares.com,1467271812596.ajax
IWB,iShares Russell 1000 ETF,2000-05-15,/us/products/239707/ishares-russell-1000-etf,https://www.ishares.com,1467271812596.ajax
IWD,iShares Russell 1000 Value ETF,2000-05-22,/us/products/239708/ishares-russell-1000-value-etf,https://www.ishares.com,1467271812596.ajax
IWO,iShares Russell 2000 Growth ETF,2000-07-24,/us/products/239709/ishares-russell-2000-growth-etf,https://www.ishares.com,1467271812596.ajax
IWM,iShares Russell 2000 ETF,2000-05-22,/us/products/239710/ishares-russell-2000-etf,https://www.ishares.com,1467271812596.ajax
IWN,iShares Russell 2000 Value ETF,2000-07-24,/us/products/239712/ishares-russell-2000-value-etf,https://www.ishares.com,1467271812596.ajax
IUSG,iShares Core S&P U.S. Growth ETF,2000-07-24,/us/products/239713/ishares-core-sp-us-growth-etf,https://www.ishares.com,1467271812596.ajax
IWV,iShares Russell 3000 ETF,2000-05-22,/us/products/239714/ishares-russell-3000-etf,https://www.ishares.com,1467271812596.ajax
IUSV,iShares Core S&P U.S. Value ETF,2000-07-24,/us/products/239715/ishares-core-sp-us-value-etf,https://www.ishares.com,1467271812596.ajax
IWC,iShares Micro-Cap ETF,2005-08-12,/us/products/239716/ishares-microcap-etf,https://www.ishares.com,1467271812596.ajax
IWP,iShares Russell Mid-Cap Growth ETF,2001-07-17,/us/products/239717/ishares-russell-midcap-growth-etf,https://www.ishares.com,1467271812596.ajax
IWR,iShares Russell Mid-Cap ETF,2001-07-17,/us/products/239718/ishares-russell-midcap-etf,https://www.ishares.com,1467271812596.ajax
IWS,iShares Russell Mid-Cap Value ETF,2001-07-17,/us/products/239719/ishares-russell-midcap-value-etf,https://www.ishares.com,1467271812596.ajax
IWY,iShares Russell Top 200 Growth ETF,2009-09-22,/us/products/239720/ishares-russell-top-200-growth-etf,https://www.ishares.com,1467271812596.ajax
IWL,iShares Russell Top 200 ETF,2009-09-22,/us/products/239721/ishares-russell-top-200-etf,https://www.ishares.com,1467271812596.ajax
IWX,iShares Russell Top 200 Value ETF,2009-09-22,/us/products/239722/ishares-russell-top-200-value-etf,https://www.ishares.com,1467271812596.ajax
OEF,iShares S&P 100 ETF,2000-10-23,/us/products/239723/ishares-sp-100-etf,https://www.ishares.com,1467271812596.ajax
ITOT,iShares Core S&P Total U.S. Stock Market ETF,2004-01-20,/us/products/239724/ishares-core-sp-total-us-stock-market-etf,https://www.ishares.com,1467271812596.ajax
IVW,iShares S&P 500 Growth ETF,2000-05-22,/us/products/239725/ishares-sp-500-growth-etf,https://www.ishares.com,1467271812596.ajax
IVV,iShares Core S&P 500 ETF,2000-05-15,/us/products/239726/ishares-core-sp-500-etf,https://www.ishares.com,1467271812596.ajax
IVE,iShares S&P 500 Value ETF,2000-05-22,/us/products/239728/ishares-sp-500-value-etf,https://www.ishares.com,1467271812596.ajax
AOA,iShares Core Aggressive Allocation ETF,2008-11-04,/us/products/239729/ishares-aggressive-allocation-etf,https://www.ishares.com,1467271812596.ajax
AIA,iShares Asia 50 ETF,2007-11-13,/us/products/239730/ishares-asia-50-etf,https://www.ishares.com,1467271812596.ajax
CMF,iShares California Muni Bond ETF,2007-10-04,/us/products/239731/ishares-california-amtfree-muni-bond-etf,https://www.ishares.com,1467271812596.ajax
AOK,iShares Core Conservative Allocation ETF,2008-11-04,/us/products/239733/ishares-conservative-allocation-etf,https://www.ishares.com,1467271812596.ajax
WPS,iShares International Developed Property ETF,2007-07-30,/us/products/239734/ishares-international-developed-property-etf,https://www.ishares.com,1467271812596.ajax
EMIF,iShares Emerging Markets Infrastructure ETF,2009-06-16,/us/products/239735/ishares-emerging-markets-infrastructure-etf,https://www.ishares.com,1467271812596.ajax
IEV,iShares Europe ETF,2000-07-25,/us/products/239736/ishares-europe-etf,https://www.ishares.com,1467271812596.ajax
IOO,iShares Global 100 ETF,2000-12-05,/us/products/239737/ishares-global-100-etf,https://www.ishares.com,1467271812596.ajax
ICLN,iShares Global Clean Energy ETF,2008-06-24,/us/products/239738/ishares-global-clean-energy-etf,https://www.ishares.com,1467271812596.ajax
RXI,iShares Global Consumer Discretionary ETF,2006-09-12,/us/products/239739/ishares-global-consumer-discretionary-etf,https://www.ishares.com,1467271812596.ajax
KXI,iShares Global Consumer Staples ETF,2006-09-12,/us/products/239740/ishares-global-consumer-staples-etf,https://www.ishares.com,1467271812596.ajax
IXC,iShares Global Energy ETF,2001-11-12,/us/products/239741/ishares-global-energy-etf,https://www.ishares.com,1467271812596.ajax
IXG,iShares Global Financials ETF,2001-11-12,/us/products/239742/ishares-global-financials-etf,https://www.ishares.com,1467271812596.ajax
IXJ,iShares Global Healthcare ETF,2001-11-13,/us/products/239744/ishares-global-healthcare-etf,https://www.ishares.com,1467271812596.ajax
EXI,iShares Global Industrials ETF,2006-09-12,/us/products/239745/ishares-global-industrials-etf,https://www.ishares.com,1467271812596.ajax
IGF,iShares Global Infrastructure ETF,2007-12-10,/us/products/239746/ishares-global-infrastructure-etf,https://www.ishares.com,1467271812596.ajax
MXI,iShares Global Materials ETF,2006-09-12,/us/products/239748/ishares-global-materials-etf,https://www.ishares.com,1467271812596.ajax
IXN,iShares Global Tech ETF,2001-11-12,/us/products/239750/ishares-global-tech-etf,https://www.ishares.com,1467271812596.ajax
IXP,iShares Global Comm Services ETF,2001-11-12,/us/products/239751/ishares-global-telecom-etf,https://www.ishares.com,1467271812596.ajax
WOOD,iShares Global Timber & Forestry ETF,2008-06-24,/us/products/239752/ishares-global-timber-forestry-etf,https://www.ishares.com,1467271812596.ajax
JXI,iShares Global Utilities ETF,2006-09-12,/us/products/239753/ishares-global-utilities-etf,https://www.ishares.com,1467271812596.ajax
AOR,iShares Core Growth Allocation ETF,2008-11-04,/us/products/239756/ishares-growth-allocation-etf,https://www.ishares.com,1467271812596.ajax
GSG,iShares S&P GSCI Commodity-Indexed Trust,2006-07-10,/us/products/239757/ishares-sp-gsci-commodityindexed-trust-fund,https://www.ishares.com,1467271812596.ajax
INDY,iShares India 50 ETF,2009-11-18,/us/products/239758/ishares-india-50-etf,https://www.ishares.com,1467271812596.ajax
IPFF,iShares International Preferred Stock ETF,2011-11-15,/us/products/239759/ishares-international-preferred-stock-etf,https://www.ishares.com,1467271812596.ajax
ILF,iShares Latin America 40 ETF,2001-10-25,/us/products/239761/ishares-latin-america-40-etf,https://www.ishares.com,1467271812596.ajax
IJK,iShares S&P Mid-Cap 400 Growth ETF,2000-07-24,/us/products/239762/ishares-sp-midcap-400-growth-etf,https://www.ishares.com,1467271812596.ajax
IJH,iShares Core S&P Mid-Cap ETF,2000-05-22,/us/products/239763/ishares-core-sp-midcap-etf,https://www.ishares.com,1467271812596.ajax
IJJ,iShares S&P Mid-Cap 400 Value ETF,2000-07-24,/us/products/239764/ishares-sp-midcap-400-value-etf,https://www.ishares.com,1467271812596.ajax
AOM,iShares Core Moderate Allocation ETF,2008-11-04,/us/products/239765/ishares-moderate-allocation-etf,https://www.ishares.com,1467271812596.ajax
MUB,iShares National Muni Bond ETF,2007-09-07,/us/products/239766/ishares-national-amtfree-muni-bond-etf,https://www.ishares.com,1467271812596.ajax
NYF,iShares New York Muni Bond ETF,2007-10-04,/us/products/239767/ishares-new-york-amtfree-muni-bond-etf,https://www.ishares.com,1467271812596.ajax
IGE,iShares North American Natural Resources ETF,2001-10-22,/us/products/239768/ishares-north-american-natural-resources-etf,https://www.ishares.com,1467271812596.ajax
IGM,iShares Expanded Tech Sector ETF,2001-03-13,/us/products/239769/ishares-north-american-tech-etf,https://www.ishares.com,1467271812596.ajax
IGN,iShares North American Tech-Multimedia Networking ETF,2001-07-10,/us/products/239770/ishares-north-american-techmultimedia-networking-etf,https://www.ishares.com,1467271812596.ajax
IGV,iShares Expanded Tech-Software Sector ETF,2001-07-10,/us/products/239771/ishares-north-american-techsoftware-etf,https://www.ishares.com,1467271812596.ajax
SUB,iShares Short-Term National Muni Bond ETF,2008-11-05,/us/products/239772/ishares-shortterm-national-amtfree-muni-bond-etf,https://www.ishares.com,1467271812596.ajax
IJT,iShares S&P Small-Cap 600 Growth ETF,2000-07-24,/us/products/239773/ishares-sp-smallcap-600-growth-etf,https://www.ishares.com,1467271812596.ajax
IJR,iShares Core S&P Small-Cap ETF,2000-05-22,/us/products/239774/ishares-core-sp-smallcap-etf,https://www.ishares.com,1467271812596.ajax
IJS,iShares S&P Small-Cap 600 Value ETF,2000-07-24,/us/products/239775/ishares-sp-smallcap-600-value-etf,https://www.ishares.com,1467271812596.ajax
PFF,iShares Preferred and Income Securities ETF,2007-03-26,/us/products/239826/ishares-us-preferred-stock-etf,https://www.ishares.com,1467271812596.ajax
ISHG,iShares 1-3 Year International Treasury Bond ETF,2009-01-21,/us/products/239829/ishares-13-year-international-treasury-bond-etf,https://www.ishares.com,1467271812596.ajax
IGOV,iShares International Treasury Bond ETF,2009-01-21,/us/products/239830/ishares-international-treasury-bond-etf,https://www.ishares.com,1467271812596.ajax
JPXN,iShares JPX-Nikkei 400 ETF,2001-10-23,/us/products/239831/ishares-japan-largecap-etf,https://www.ishares.com,1467271812596.ajax
NEAR,iShares Short Maturity Bond ETF,2013-09-25,/us/products/239854/ishares-short-maturity-bond-etf,https://www.ishares.com,1467271812596.ajax
SLV,iShares Silver Trust,2006-04-21,/us/products/239855/ishares-silver-trust-fund,https://www.ishares.com,1467271812596.ajax
IXUS,iShares Core MSCI Total International Stock ETF,2012-10-18,/us/products/244048/ishares-core-msci-total-international-stock-etf,https://www.ishares.com,1467271812596.ajax
IEFA,iShares Core MSCI EAFE ETF,2012-10-18,/us/products/244049/ishares-core-msci-eafe-etf,https://www.ishares.com,1467271812596.ajax
IEMG,iShares Core MSCI Emerging Markets ETF,2012-10-18,/us/products/244050/ishares-core-msci-emerging-markets-etf,https://www.ishares.com,1467271812596.ajax
ISTB,iShares Core 1-5 Year USD Bond ETF,2012-10-18,/us/products/244051/ishares-core-shortterm-us-bond-etf,https://www.ishares.com,1467271812596.ajax
SIZE,iShares Edge MSCI USA Size Factor ETF,2013-04-16,/us/products/251465/ishares-msci-usa-size-factor-etf,https://www.ishares.com,1467271812596.ajax
IBCE,iBonds® Mar 2023 Term Corporate ex-Financials ETF,2013-04-17,/us/products/251477/isharesbond-mar-2023-corporate-exfinancials-term-etf,https://www.ishares.com,1467271812596.ajax
MTUM,iShares Edge MSCI USA Momentum Factor ETF,2013-04-16,/us/products/251614/ishares-msci-usa-momentum-factor-etf,https://www.ishares.com,1467271812596.ajax
VLUE,iShares Edge MSCI USA Value Factor ETF,2013-04-16,/us/products/251616/ishares-msci-usa-value-factor-etf,https://www.ishares.com,1467271812596.ajax
IBDD,iBonds® Mar 2023 Term Corporate ETF,2013-07-09,/us/products/254555/isharesbond-mar-2023-corporate-term-etf,https://www.ishares.com,1467271812596.ajax
ICOL,iShares MSCI Colombia ETF,2013-06-18,/us/products/254562/ishares-msci-colombia-capped-etf,https://www.ishares.com,1467271812596.ajax
QUAL,iShares Edge MSCI USA Quality Factor ETF,2013-07-16,/us/products/256101/ishares-msci-usa-quality-factor-etf,https://www.ishares.com,1467271812596.ajax
SLQD,iShares 0-5 Year Investment Grade Corporate Bond ETF,2013-10-15,/us/products/258098/ishares-05-year-investment-grade-corporate-bond-etf,https://www.ishares.com,1467271812596.ajax
SHYG,iShares 0-5 Year High Yield Corporate Bond ETF,2013-10-15,/us/products/258100/ishares-05-year-high-yield-corporate-bond-etf,https://www.ishares.com,1467271812596.ajax
ICSH,iShares Ultra Short-Term Bond ETF,2013-12-11,/us/products/258806/ishares-liquidity-income-etf,https://www.ishares.com,1467271812596.ajax
HEFA,iShares Currency Hedged MSCI EAFE ETF,2014-01-31,/us/products/259622/ishares-currency-hedged-msci-eafe-etf,https://www.ishares.com,1467271812596.ajax
HEWG,iShares Currency Hedged MSCI Germany ETF,2014-01-31,/us/products/259623/ishares-currency-hedged-msci-germany-etf,https://www.ishares.com,1467271812596.ajax
HEWJ,iShares Currency Hedged MSCI Japan ETF,2014-01-31,/us/products/259624/ishares-currency-hedged-msci-japan-etf,https://www.ishares.com,1467271812596.ajax
TFLO,iShares Treasury Floating Rate Bond ETF,2014-02-03,/us/products/260652/ishares-treasury-floating-rate-bond-etf,https://www.ishares.com,1467271812596.ajax
BYLD,iShares Yield Optimized Bond ETF,2014-04-22,/us/products/264127/ishares-yield-optimized-bond-etf,https://www.ishares.com,1467271812596.ajax
QAT,iShares MSCI Qatar ETF,2014-04-29,/us/products/264273/ishares-msci-qatar-capped-etf,https://www.ishares.com,1467271812596.ajax
UAE,iShares MSCI UAE ETF,2014-04-29,/us/products/264275/ishares-msci-uae-capped-etf,https://www.ishares.com,1467271812596.ajax
LQDH,iShares Interest Rate Hedged Corporate Bond ETF,2014-05-27,/us/products/264542/ishares-interest-rate-hedged-corporate-bond-etf,https://www.ishares.com,1467271812596.ajax
HYGH,iShares Interest Rate Hedged High Yield Bond ETF,2014-05-27,/us/products/264544/ishares-interest-rate-hedged-high-yield-bond-etf,https://www.ishares.com,1467271812596.ajax
EUMV,iShares Edge MSCI Min Vol Europe ETF,2014-06-03,/us/products/264611/ishares-msci-europe-minimum-volatility-etf,https://www.ishares.com,1467271812596.ajax
JPMV,iShares Edge MSCI Min Vol Japan ETF,2014-06-03,/us/products/264613/ishares-msci-japan-minimum-volatility-etf,https://www.ishares.com,1467271812596.ajax
IUSB,iShares Core Total USD Bond Market ETF,2014-06-10,/us/products/264615/ishares-core-total-usd-bond-market-etf,https://www.ishares.com,1467271812596.ajax
IEUR,iShares Core MSCI Europe ETF,2014-06-10,/us/products/264617/ishares-core-msci-europe-etf,https://www.ishares.com,1467271812596.ajax
IPAC,iShares Core MSCI Pacific ETF,2014-06-10,/us/products/264619/ishares-core-msci-pacific-etf,https://www.ishares.com,1467271812596.ajax
DGRO,iShares Core Dividend Growth ETF,2014-06-10,/us/products/264623/ishares-core-dividend-growth-etf,https://www.ishares.com,1467271812596.ajax
HEEM,iShares Currency Hedged MSCI Emerging Markets ETF,2014-09-23,/us/products/268704/ishares-currency-hedged-msci-emerging-markets,https://www.ishares.com,1467271812596.ajax
HEZU,iShares Currency Hedged MSCI Eurozone ETF,2014-07-09,/us/products/268708/ishares-currency-hedged-msci-emu-etf,https://www.ishares.com,1467271812596.ajax
REET,iShares Global REIT ETF,2014-07-08,/us/products/268752/ishares-global-reit-etf,https://www.ishares.com,1467271812596.ajax
IBMI,iBonds® Sep 2020 Term Muni Bond ETF,2014-08-12,/us/products/269394/ishares-2020-amtfree-muni-term-etf,https://www.ishares.com,1467271812596.ajax
COMT,iShares Commodities Select Strategy ETF,2014-10-15,/us/products/270319/ishares-commodity-etf,https://www.ishares.com,1467271812596.ajax
CRBN,iShares MSCI ACWI Low Carbon Target ETF,2014-12-08,/us/products/271054/ishares-msci-acwi-low-carbon-target-etf,https://www.ishares.com,1467271812596.ajax
IBDL,iBonds® Dec 2020 Term Corporate ETF,2014-12-02,/us/products/271056/ishares-ibonds-dec-2020-corporate-etf,https://www.ishares.com,1467271812596.ajax
IMTM,iShares Edge MSCI Intl Momentum Factor ETF,2015-01-13,/us/products/271538/ishares-msci-international-developed-momentum-factor-etf,https://www.ishares.com,1467271812596.ajax
IQLT,iShares Edge MSCI Intl Quality Factor ETF,2015-01-13,/us/products/271540/ishares-msci-international-developed-quality-factor-etf,https://www.ishares.com,1467271812596.ajax
KSA,iShares MSCI Saudi Arabia ETF,2015-09-16,/us/products/271542/ishares-msci-saudi-arabia-capped-etf,https://www.ishares.com,1467271812596.ajax
FIBR,iShares Edge U.S. Fixed Income Balanced Risk ETF,2015-02-24,/us/products/271544/ishares-us-fixed-income-balanced-risk-etf,https://www.ishares.com,1467271812596.ajax
MEAR,iShares Short Maturity Municipal Bond ETF,2015-03-03,/us/products/272112/ishares-short-maturity-municipal-bond-etf,https://www.ishares.com,1467271812596.ajax
IBDM,iBonds® Dec 2021 Term Corporate ETF,2015-03-10,/us/products/272342/ishares-ibonds-dec-2021-corporate-etf,https://www.ishares.com,1467271812596.ajax
IBDN,iBonds® Dec 2022 Term Corporate ETF,2015-03-10,/us/products/272343/ishares-ibonds-dec-2022-corporate-etf,https://www.ishares.com,1467271812596.ajax
IBDO,iBonds® Dec 2023 Term Corporate ETF,2015-03-11,/us/products/272344/ishares-ibonds-dec-2023-corporate-etf,https://www.ishares.com,1467271812596.ajax
IBDP,iBonds® Dec 2024 Term Corporate ETF,2015-03-11,/us/products/272345/ishares-ibonds-dec-2024-corporate-etf,https://www.ishares.com,1467271812596.ajax
IBDQ,iBonds® Dec 2025 Term Corporate ETF,2015-03-11,/us/products/272346/ishares-ibonds-dec-2025-corporate-etf,https://www.ishares.com,1467271812596.ajax
XT,iShares Exponential Technologies ETF,2015-03-19,/us/products/272532/ishares-exponential-technologies-etf,https://www.ishares.com,1467271812596.ajax
ICVT,iShares Convertible Bond ETF,2015-06-02,/us/products/272819/ishares-convertible-bond-etf,https://www.ishares.com,1467271812596.ajax
EMGF,iShares Edge MSCI Multifactor Emerging Markets ETF,2015-12-08,/us/products/272820/ishares-msci-emerging-multi-factor-etf,https://www.ishares.com,1467271812596.ajax
ACWF,iShares Edge MSCI Multifactor Global ETF,2015-04-28,/us/products/272821/ishares-msci-global-multi-factor-etf,https://www.ishares.com,1467271812596.ajax
INTF,iShares Edge MSCI Multifactor Intl ETF,2015-04-28,/us/products/272822/ishares-msci-international-multi-factor-etf,https://www.ishares.com,1467271812596.ajax
ISCF,iShares Edge MSCI Multifactor Intl Small-Cap ETF,2015-04-28,/us/products/272823/ishares-msci-international-small-cap-multi-factor-etf,https://www.ishares.com,1467271812596.ajax
LRGF,iShares Edge MSCI Multifactor USA ETF,2015-04-28,/us/products/272824/ishares-msci-usa-multi-factor-etf,https://www.ishares.com,1467271812596.ajax
SMLF,iShares Edge MSCI Multifactor USA Small-Cap ETF,2015-04-28,/us/products/272825/ishares-msci-usa-small-cap-multi-factor-etf,https://www.ishares.com,1467271812596.ajax
CNYA,iShares MSCI China A ETF,2016-06-13,/us/products/273318/ishares-msci-china-a-etf,https://www.ishares.com,1467271812596.ajax
HAUD,iShares Currency Hedged MSCI Australia ETF,2015-06-29,/us/products/273743/ishares-currency-hedged-msci-australia-etf,https://www.ishares.com,1467271812596.ajax
HEWI,iShares Currency Hedged MSCI Italy ETF,2015-06-29,/us/products/273746/ishares-currency-hedged-msci-italy-etf,https://www.ishares.com,1467271812596.ajax
HEWW,iShares Currency Hedged MSCI Mexico ETF,2015-06-29,/us/products/273748/ishares-currency-hedged-msci-mexico-etf,https://www.ishares.com,1467271812596.ajax
HEWY,iShares Currency Hedged MSCI South Korea ETF,2015-06-29,/us/products/273750/ishares-currency-hedged-msci-south-korea-etf,https://www.ishares.com,1467271812596.ajax
HEWP,iShares Currency Hedged MSCI Spain ETF,2015-06-29,/us/products/273753/ishares-currency-hedged-msci-spain-etf,https://www.ishares.com,1467271812596.ajax
HEWL,iShares Currency Hedged MSCI Switzerland ETF,2015-06-29,/us/products/273759/ishares-currency-hedged-msci-switzerland-etf,https://www.ishares.com,1467271812596.ajax
HEWU,iShares Currency Hedged MSCI United Kingdom ETF,2015-06-29,/us/products/273763/ishares-currency-hedged-msci-united-kingdom-etf,https://www.ishares.com,1467271812596.ajax
HAWX,iShares Currency Hedged MSCI ACWI ex U.S. ETF,2015-06-29,/us/products/273768/ishares-currency-hedged-msci-acwi-ex-us-etf,https://www.ishares.com,1467271812596.ajax
HSCZ,iShares Currency Hedged MSCI EAFE Small-Cap ETF,2015-06-29,/us/products/273771/ishares-currency-hedged-msci-eafe-small-cap-etf,https://www.ishares.com,1467271812596.ajax
HEWC,iShares Currency Hedged MSCI Canada ETF,2015-06-29,/us/products/273775/ishares-currency-hedged-msci-canada-etf,https://www.ishares.com,1467271812596.ajax
IVLU,iShares Edge MSCI Intl Value Factor ETF,2015-06-16,/us/products/275382/ishares-msci-international-developed-value-factor-etf,https://www.ishares.com,1467271812596.ajax
ISZE,iShares Edge MSCI Intl Size Factor ETF,2015-06-16,/us/products/275384/ishares-msci-international-developed-size-factor-etf,https://www.ishares.com,1467271812596.ajax
IGBH,iShares Interest Rate Hedged Long-Term Corporate Bond ETF,2015-07-22,/us/products/275397/ishares-interest-rate-hedged-10-year-credit-bond-etf,https://www.ishares.com,1467271812596.ajax
EMBH,iShares Interest Rate Hedged Emerging Markets Bond ETF,2015-07-22,/us/products/275399/ishares-interest-rate-hedged-emerging-markets-bond-etf,https://www.ishares.com,1467271812596.ajax
IBMK,iBonds® Dec 2022 Term Muni Bond ETF,2015-09-01,/us/products/276544/ishares-ibonds-dec-2022-amt-free-muni-bond-etf,https://www.ishares.com,1467271812596.ajax
IBMJ,iBonds® Dec 2021 Term Muni Bond ETF,2015-09-01,/us/products/276546/ishares-ibonds-dec-2021-amt-free-muni-bond-etf,https://www.ishares.com,1467271812596.ajax
HJPX,iShares Currency Hedged JPX-Nikkei 400 ETF,2015-09-29,/us/products/279286/ishares-currency-hedged-jpx-nikkei-400-etf,https://www.ishares.com,1467271812596.ajax
IAGG,iShares Core International Aggregate Bond ETF,2015-11-10,/us/products/279626/ishares-international-aggregate-bond-etf,https://www.ishares.com,1467271812596.ajax
DEFA,iShares Adaptive Currency Hedged MSCI EAFE ETF,2016-01-05,/us/products/280769/ishares-adaptive-currency-hedged-msci-eafe-etf,https://www.ishares.com,1467271812596.ajax
IBMM,iBonds® Dec 2024 Term Muni Bond ETF,2018-03-20,/us/products/282961/ishares-ibonds-dec-2024-term-muni-bond-etf,https://www.ishares.com,1467271812596.ajax
IBMN,iBonds® Dec 2025 Term Muni Bond ETF,2018-11-13,/us/products/282964/ishares-ibonds-dec-2025-term-muni-bond-etf,https://www.ishares.com,1467271812596.ajax
SDG,iShares MSCI Global Impact ETF,2016-04-20,/us/products/283378/ishares-msci-global-impact-etf-fund,https://www.ishares.com,1467271812596.ajax
IGRO,iShares International Dividend Growth ETF,2016-05-17,/us/products/283737/ishares-international-dividend-growth-etf-fund,https://www.ishares.com,1467271812596.ajax
ESGE,iShares ESG MSCI EM ETF,2016-06-28,/us/products/283777/ishares-esg-msci-em-etf-fund,https://www.ishares.com,1467271812596.ajax
ESGD,iShares ESG MSCI EAFE ETF,2016-06-28,/us/products/283778/ishares-esg-msci-eafe-etf-fund,https://www.ishares.com,1467271812596.ajax
FALN,iShares Fallen Angels USD Bond ETF,2016-06-14,/us/products/283855/ishares-fallen-angels-usd-bond-etf-fund,https://www.ishares.com,1467271812596.ajax
HYXE,iShares iBoxx $ High Yield ex Oil & Gas Corporate Bond ETF,2016-06-14,/us/products/283857/ishares-iboxx-high-yield-ex-oil-gas-corporate-bond-etf-fund,https://www.ishares.com,1467271812596.ajax
SMMV,iShares Edge MSCI Min Vol USA Small-Cap ETF,2016-09-07,/us/products/284609/ishares-edge-msci-min-vol-usa-small-cap-etf-fund,https://www.ishares.com,1467271812596.ajax
IBDR,iBonds® Dec 2026 Term Corporate ETF,2016-09-13,/us/products/285027/ishares-ibonds-dec-2026-term-corporate-etf-fund,https://www.ishares.com,1467271812596.ajax
IMTB,iShares Core 5-10 Year USD Bond ETF,2016-11-01,/us/products/285539/ishares-core-5-10-year-usd-bond-etf-fund,https://www.ishares.com,1467271812596.ajax
ESGU,iShares ESG MSCI USA ETF,2016-12-01,/us/products/286007/ishares-esg-msci-usa-etf-fund,https://www.ishares.com,1467271812596.ajax
IDEV,iShares Core MSCI International Developed Markets ETF,2017-03-21,/us/products/286762/ishares-core-msci-international-developed-markets-etf-fund,https://www.ishares.com,1467271812596.ajax
IBML,iBonds® Dec 2023 Term Muni Bond ETF,2017-04-11,/us/products/287194/ishares-ibonds-dec-2023-term-muni-bond-etf-fund,https://www.ishares.com,1467271812596.ajax
AGT,iShares MSCI Argentina and Global Exposure ETF,2017-04-25,/us/products/287286/ishares-msci-argentina-and-global-exposure-etf-fund,https://www.ishares.com,1467271812596.ajax
SMMD,iShares Russell 2500 ETF,2017-07-06,/us/products/288024/ishares-russell-2500-etf-fund,https://www.ishares.com,1467271812596.ajax
IGEB,iShares Edge Investment Grade Enhanced Bond ETF,2017-07-11,/us/products/288302/ishares-edge-investment-grade-enhanced-bond-etf-fund,https://www.ishares.com,1467271812596.ajax
HYDB,iShares Edge High Yield Defensive Bond ETF,2017-07-11,/us/products/288478/ishares-edge-high-yield-defensive-bond-etf-fund,https://www.ishares.com,1467271812596.ajax
SUSC,iShares ESG USD Corporate Bond ETF,2017-07-11,/us/products/288488/ishares-esg-usd-corporate-bond-etf-fund,https://www.ishares.com,1467271812596.ajax
SUSB,iShares ESG 1-5 Year USD Corporate Bond ETF,2017-07-11,/us/products/288490/ishares-esg-1-5-year-usd-corporate-bond-etf-fund,https://www.ishares.com,1467271812596.ajax
EMXC,iShares MSCI Emerging Markets ex China ETF,2017-07-18,/us/products/288504/ishares-msci-emerging-markets-ex-china-etf-fund,https://www.ishares.com,1467271812596.ajax
AMCA,iShares Russell 1000 Pure U.S. Revenue ETF,2017-08-08,/us/products/290127/ishares-russell-1000-pure-u-s-revenue-etf-fund,https://www.ishares.com,1467271812596.ajax
IBDS,iShares® iBonds® Dec 2027 Term Corporate ETF,2017-09-12,/us/products/290315/ishares-ibonds-dec-2027-term-corporate-etf-fund,https://www.ishares.com,1467271812596.ajax
USHY,iShares Broad USD High Yield Corporate Bond ETF,2017-10-25,/us/products/291299/ishares-broad-usd-high-yield-corporate-bond-etf-fund,https://www.ishares.com,1467271812596.ajax
DIVB,iShares U.S. Dividend and Buyback ETF,2017-11-07,/us/products/291387/ishares-u-s-dividend-and-buyback-etf-fund,https://www.ishares.com,1467271812596.ajax
IEDI,iShares Evolved U.S. Discretionary Spending ETF,2018-03-21,/us/products/292414/ishares-evolved-u-s-discretionary-spending-etf-fund,https://www.ishares.com,1467271812596.ajax
IECS,iShares Evolved U.S. Consumer Staples ETF,2018-03-21,/us/products/292415/ishares-evolved-u-s-consumer-staples-etf-fund,https://www.ishares.com,1467271812596.ajax
IEFN,iShares Evolved U.S. Financials ETF,2018-03-21,/us/products/292421/ishares-evolved-u-s-financials-etf-fund,https://www.ishares.com,1467271812596.ajax
IEHS,iShares Evolved U.S. Healthcare Staples ETF,2018-03-21,/us/products/292422/ishares-evolved-u-s-healthcare-staples-etf-fund,https://www.ishares.com,1467271812596.ajax
IEIH,iShares Evolved U.S. Innovative Healthcare ETF,2018-03-21,/us/products/292423/ishares-evolved-u-s-innovative-healthcare-etf-fund,https://www.ishares.com,1467271812596.ajax
IEME,iShares Evolved U.S. Media and Entertainment ETF,2018-03-21,/us/products/292424/ishares-evolved-u-s-media-and-entertainment-etf-fund,https://www.ishares.com,1467271812596.ajax
IETC,iShares Evolved U.S. Technology ETF,2018-03-21,/us/products/292425/ishares-evolved-u-s-technology-etf-fund,https://www.ishares.com,1467271812596.ajax
CMDY,iShares Bloomberg Roll Select Commodity Strategy ETF,2018-04-03,/us/products/292741/ishares-bloomberg-roll-select-commodity-strategy-etf-fund,https://www.ishares.com,1467271812596.ajax
IAUF,iShares Gold Strategy ETF,2018-06-06,/us/products/293782/ishares-gold-strategy-etf-fund,https://www.ishares.com,1467271812596.ajax
IFRA,iShares U.S. Infrastructure ETF,2018-04-03,/us/products/294315/ishares-u-s-infrastructure-etf-fund,https://www.ishares.com,1467271812596.ajax
LQDI,iShares Inflation Hedged Corporate Bond ETF,2018-05-08,/us/products/294319/ishares-inflation-hedged-corporate-bond-etf-fund,https://www.ishares.com,1467271812596.ajax
ESML,iShares ESG MSCI USA Small-Cap ETF,2018-04-10,/us/products/296644/ishares-esg-msci-usa-small-cap-etf-fund,https://www.ishares.com,1467271812596.ajax
IRBO,iShares Robotics and Artificial Intelligence Multisector ETF,2018-06-26,/us/products/297905/ishares-robotics-and-artificial-intelligence-multisector-etf-fund,https://www.ishares.com,1467271812596.ajax
IBDT,iShares® iBonds® Dec 2028 Term Corporate ETF,2018-09-18,/us/products/304570/ishares-ibonds-dec-2028-term-corporate-etf-fund,https://www.ishares.com,1467271812596.ajax
EAGG,iShares ESG U.S. Aggregate Bond ETF,2018-10-18,/us/products/305252/ishares-esg-u-s-aggregate-bond-etf-fund,https://www.ishares.com,1467271812596.ajax
BGRN,iShares Global Green Bond ETF,2018-11-13,/us/products/305296/ishares-global-green-bond-etf-fund,https://www.ishares.com,1467271812596.ajax
EWJV,iShares MSCI Japan Value ETF,2019-03-05,/us/products/307263/ishares-msci-japan-value-etf-fund,https://www.ishares.com,1467271812596.ajax
EWJE,iShares MSCI Japan Equal Weighted ETF,2019-03-05,/us/products/307265/ishares-msci-japan-equal-weighted-etf-fund,https://www.ishares.com,1467271812596.ajax
DYNF,BlackRock U.S. Equity Factor Rotation ETF,2019-03-07,/us/products/307283/blackrock-u-s-equity-factor-rotation-etf-fund,https://www.ishares.com,1467271812596.ajax
FOVL,iShares Focused Value Factor ETF,2019-03-19,/us/products/307330/ishares-focused-value-factor-etf-fund,https://www.ishares.com,1467271812596.ajax
IDRV,iShares Self-Driving EV and Tech ETF,2019-04-16,/us/products/307332/ishares-self-driving-ev-and-tech-etf-fund,https://www.ishares.com,1467271812596.ajax
IHAK,iShares Cybersecurity and Tech ETF,2019-06-11,/us/products/307352/ishares-cybersecurity-and-tech-etf-fund,https://www.ishares.com,1467271812596.ajax
IBMO,iShares® iBonds® Dec 2026 Term Muni Bond ETF,2019-04-02,/us/products/308047/ishares-ibonds-dec-2026-term-muni-bond-etf-fund,https://www.ishares.com,1467271812596.ajax
IBMP,iShares® iBonds® Dec 2027 Term Muni Bond ETF,2019-04-09,/us/products/308049/ishares-ibonds-dec-2027-term-muni-bond-etf-fund,https://www.ishares.com,1467271812596.ajax
IBMQ,iShares® iBonds® Dec 2028 Term Muni Bond ETF,2019-04-16,/us/products/308051/ishares-ibonds-dec-2028-term-muni-bond-etf-fund,https://www.ishares.com,1467271812596.ajax
IBHA,iShares® iBonds® 2021 Term High Yield and Income ETF,2019-05-07,/us/products/308559/ishares-ibonds-2021-term-high-yield-and-income-etf-fund,https://www.ishares.com,1467271812596.ajax
IBHB,iShares® iBonds® 2022 Term High Yield and Income ETF,2019-05-07,/us/products/308561/ishares-ibonds-2022-term-high-yield-and-income-etf-fund,https://www.ishares.com,1467271812596.ajax
IBHC,iShares® iBonds® 2023 Term High Yield and Income ETF,2019-05-07,/us/products/308563/ishares-ibonds-2023-term-high-yield-and-income-etf-fund,https://www.ishares.com,1467271812596.ajax
IBHD,iShares® iBonds® 2024 Term High Yield and Income ETF,2019-05-07,/us/products/308565/ishares-ibonds-2024-term-high-yield-and-income-etf-fund,https://www.ishares.com,1467271812596.ajax
IBHE,iShares® iBonds® 2025 Term High Yield and Income ETF,2019-05-07,/us/products/308567/ishares-ibonds-2025-term-high-yield-and-income-etf-fund,https://www.ishares.com,1467271812596.ajax
SUSL,iShares ESG MSCI USA Leaders ETF,2019-05-07,/us/products/308574/ishares-esg-msci-usa-leaders-etf-fund,https://www.ishares.com,1467271812596.ajax
MIDF,iShares Edge MSCI Multifactor USA Mid-Cap ETF,2019-06-04,/us/products/308876/ishares-edge-msci-multifactor-usa-mid-cap-etf-fund,https://www.ishares.com,1467271812596.ajax
IDNA,iShares Genomics Immunology and Healthcare ETF,2019-06-11,/us/products/308878/ishares-genomics-immunology-and-healthcare-etf-fund,https://www.ishares.com,1467271812596.ajax
IBDU,iShares® iBonds® Dec 2029 Term Corporate ETF,2019-09-17,/us/products/310035/ishares-ibonds-dec-2029-term-corporate-etf-fund,https://www.ishares.com,1467271812596.ajax
TECB,iShares U.S. Tech Breakthrough Multisector ETF,2020-01-08,/us/products/312046/ishares-u-s-tech-breakthrough-multisector-etf-fund,https://www.ishares.com,1467271812596.ajax
STLG,iShares Factors US Growth Style ETF,2020-01-14,/us/products/312212/ishares-factors-us-growth-style-etf-fund,https://www.ishares.com,1467271812596.ajax
STLV,iShares Factors US Value Style ETF,2020-01-14,/us/products/312214/ishares-factors-us-value-style-etf-fund,https://www.ishares.com,1467271812596.ajax
LDEM,iShares ESG MSCI EM Leaders ETF,2020-02-05,/us/products/312222/ishares-esg-msci-em-leaders-etf-fund,https://www.ishares.com,1467271812596.ajax
IBTA,iShares® iBonds® Dec 2021 Term Treasury ETF,2020-02-25,/us/products/312431/ishares-ibonds-dec-2021-term-treasury-etf-fund,https://www.ishares.com,1467271812596.ajax
IBTB,iShares® iBonds® Dec 2022 Term Treasury ETF,2020-02-25,/us/products/312440/ishares-ibonds-dec-2022-term-treasury-etf-fund,https://www.ishares.com,1467271812596.ajax
IBTD,iShares® iBonds® Dec 2023 Term Treasury ETF,2020-02-25,/us/products/312444/ishares-ibonds-dec-2023-term-treasury-etf-fund,https://www.ishares.com,1467271812596.ajax
IBTE,iShares® iBonds® Dec 2024 Term Treasury ETF,2020-02-25,/us/products/312451/ishares-ibonds-dec-2024-term-treasury-etf-fund,https://www.ishares.com,1467271812596.ajax
IBTF,iShares® iBonds® Dec 2025 Term Treasury ETF,2020-02-25,/us/products/312454/ishares-ibonds-dec-2025-term-treasury-etf-fund,https://www.ishares.com,1467271812596.ajax
IBTG,iShares® iBonds® Dec 2026 Term Treasury ETF,2020-02-25,/us/products/312457/ishares-ibonds-dec-2026-term-treasury-etf-fund,https://www.ishares.com,1467271812596.ajax
IBTH,iShares® iBonds® Dec 2027 Term Treasury ETF,2020-02-25,/us/products/312460/ishares-ibonds-dec-2027-term-treasury-etf-fund,https://www.ishares.com,1467271812596.ajax
IBTI,iShares® iBonds® Dec 2028 Term Treasury ETF,2020-02-25,/us/products/312463/ishares-ibonds-dec-2028-term-treasury-etf-fund,https://www.ishares.com,1467271812596.ajax
IBTJ,iShares® iBonds® Dec 2029 Term Treasury ETF,2020-02-25,/us/products/312466/ishares-ibonds-dec-2029-term-treasury-etf-fund,https://www.ishares.com,1467271812596.ajax
STLC,iShares Factors US Blend Style ETF,2020-04-14,/us/products/313074/ishares-factors-us-blend-style-etf-fund,https://www.ishares.com,1467271812596.ajax
STMB,iShares Factors US Mid Blend Style ETF,2020-04-14,/us/products/313096/ishares-factors-us-mid-blend-style-etf-fund,https://www.ishares.com,1467271812596.ajax
STSB,iShares Factors US Small Blend Style ETF,2020-04-14,/us/products/313101/ishares-factors-us-small-blend-style-etf-fund,https://www.ishares.com,1467271812596.ajax
IOZ,iShares Core S&P ASX 200 ETF,2010-12-06,/au/individual/products/251852/ishares-core-s-p/asx-200-etf,https://www.blackrock.com,1478358644060.ajax
MIDD,iShares FTSE 250 UCITS ETF,2004-03-26,/uk/individual/products/251796/ishares-ftse-250-ucits-etf,https://www.blackrock.com,1472631233320.ajax
